Date,Symbol,Price,Hour1Buy,Hour1Sell,Hour1Neutral,Hour4Buy,Hour4Sell,Hour4Neutral,DayBuy,DaySell,DayNeutral,WeekBuy,WeekSell,WeekNeutral,MonthBuy,MonthSell,MonthNeutral,Hour1Desition,Hour4Desition,DayDesition,WeekDesition,MonthDesition,Hour1PeriodStatus,Hour1ClosingPrice,Hour4PeriodStatus,Hour4ClosingPrice,DayPeriodStatus,DayClosingPrice,WeekPeriodStatus,WeekClosingPrice,MonthPeriodStatus,MonthClosingPrice,Hour1Accuracy,Hour1ProfitPercentage,Hour4Accuracy,Hour4ProfitPercentage,DayAccuracy,DayProfitPercentage,WeekAccuracy,WeekProfitPercentage,MonthAccuracy,MonthProfitPercentage
2019-04-16 22:42:12,EURCHF,1.137,14,5,9,17,4,7,17,1,9,12,5,10,9,5,9,BUY,BUY,BUY,BUY,NEUTRAL,PENDING,PENDING,PENDING,PENDING,PENDING,PENDING,PENDING,PENDING,PENDING,PENDING,PENDING,PENDING,PENDING,PENDING,PENDING,PENDING,PENDING,PENDING,PENDING,PENDING
2019-04-16 22:42:37,GBPJPY,146.17,4,14,10,8,11,9,16,1,10,12,5,10,8,7,8,SELL,SELL,BUY,BUY,NEUTRAL,CLOSED,146.2,CLOSED,146.2,PENDING,PENDING,PENDING,PENDING,PENDING,PENDING,0,-0.0002051983584131405,0,-0.0002051983584131405,PENDING,PENDING,PENDING,PENDING,PENDING,PENDING
2019-04-16 22:43:02,USDMXN,18.8681,8,12,8,7,13,8,5,14,8,3,16,8,5,9,9,SELL,SELL,SELL,SELL,NEUTRAL,CLOSED,18.8606,CLOSED,18.8606,PENDING,PENDING,PENDING,PENDING,PENDING,PENDING,1,0.00039765436942603794,1,0.00039765436942603794,PENDING,PENDING,PENDING,PENDING,PENDING,PENDING
2019-04-16 22:43:28,EURGBP,0.8646,15,3,10,17,2,9,12,6,9,6,11,10,6,10,7,BUY,BUY,BUY,SELL,SELL,PENDING,PENDING,PENDING,PENDING,PENDING,PENDING,PENDING,PENDING,PENDING,PENDING,PENDING,PENDING,PENDING,PENDING,PENDING,PENDING,PENDING,PENDING,PENDING,PENDING
2019-04-16 22:43:53,EURUSD,1.1282,5,15,8,6,13,9,9,9,9,4,13,10,2,13,8,SELL,SELL,NEUTRAL,SELL,SELL,CLOSED,1.1311,CLOSED,1.1311,CLOSED,1.1301,PENDING,PENDING,PENDING,PENDING,0,-0.0025638758730438535,0,-0.0025638758730438535,PENDING,PENDING,PENDING,PENDING,PENDING,PENDING
2019-04-16 22:44:19,GBPCAD,1.742,2,17,9,1,17,10,5,13,9,13,4,10,11,4,8,SELL,SELL,SELL,BUY,BUY,CLOSED,1.7399,PENDING,PENDING,PENDING,PENDING,PENDING,PENDING,PENDING,PENDING,1,0.001206965917581465,PENDING,PENDING,PENDING,PENDING,PENDING,PENDING,PENDING,PENDING
2019-04-16 22:44:45,CADJPY,83.89,18,1,9,18,2,8,15,3,9,9,8,10,3,11,9,BUY,BUY,BUY,NEUTRAL,SELL,CLOSED,83.89,PENDING,PENDING,PENDING,PENDING,PENDING,PENDING,PENDING,PENDING,0,0.0,PENDING,PENDING,PENDING,PENDING,PENDING,PENDING,PENDING,PENDING
2019-04-16 22:45:11,CHFJPY,111.15,2,16,10,3,18,7,3,14,10,4,14,9,3,11,9,SELL,SELL,SELL,SELL,SELL,CLOSED,110.87,PENDING,PENDING,PENDING,PENDING,PENDING,PENDING,PENDING,PENDING,1,0.0025254802922341584,PENDING,PENDING,PENDING,PENDING,PENDING,PENDING,PENDING,PENDING
2019-04-16 22:45:37,USDCHF,1.0077,19,3,6,18,4,6,17,1,9,16,1,10,12,1,10,BUY,BUY,BUY,BUY,BUY,CLOSED,1.0106,PENDING,PENDING,PENDING,PENDING,PENDING,PENDING,PENDING,PENDING,1,0.002869582426281321,PENDING,PENDING,PENDING,PENDING,PENDING,PENDING,PENDING,PENDING
2019-04-16 22:46:05,USDJPY,112.02,20,0,8,16,2,10,16,3,8,17,1,9,13,1,9,BUY,BUY,BUY,BUY,BUY,CLOSED,111.95,CLOSED,111.97,PENDING,PENDING,PENDING,PENDING,PENDING,PENDING,0,-0.0006252791424742579,0,-0.00044654818254887164,PENDING,PENDING,PENDING,PENDING,PENDING,PENDING
2019-04-16 22:46:31,EURJPY,126.38,6,13,9,11,8,9,15,6,6,8,10,9,4,10,9,SELL,BUY,BUY,SELL,SELL,CLOSED,126.63,CLOSED,126.46,PENDING,PENDING,PENDING,PENDING,PENDING,PENDING,0,-0.0019742557055989892,1,0.0006326111023248324,PENDING,PENDING,PENDING,PENDING,PENDING,PENDING
2019-04-16 22:46:58,CADCHF,0.7547,18,4,6,19,1,8,17,1,9,15,3,9,9,6,8,BUY,BUY,BUY,BUY,BUY,PENDING,PENDING,PENDING,PENDING,PENDING,PENDING,PENDING,PENDING,PENDING,PENDING,PENDING,PENDING,PENDING,PENDING,PENDING,PENDING,PENDING,PENDING,PENDING,PENDING
2019-04-16 22:47:26,EURCAD,1.5063,3,16,9,6,12,10,9,8,10,10,8,9,7,6,10,SELL,SELL,NEUTRAL,BUY,NEUTRAL,CLOSED,1.5076,CLOSED,1.5075,CLOSED,1.5084,PENDING,PENDING,PENDING,PENDING,0,-0.0008622976916954622,0,-0.000796019900497572,PENDING,PENDING,PENDING,PENDING,PENDING,PENDING
2019-04-16 22:47:55,GBPUSD,1.3048,4,16,8,1,18,9,4,14,9,7,11,9,3,11,9,SELL,SELL,SELL,SELL,SELL,PENDING,PENDING,PENDING,PENDING,PENDING,PENDING,PENDING,PENDING,PENDING,PENDING,PENDING,PENDING,PENDING,PENDING,PENDING,PENDING,PENDING,PENDING,PENDING,PENDING
2019-04-16 22:48:23,USDCAD,1.3352,3,16,9,9,10,9,16,3,8,15,3,9,14,1,8,SELL,SELL,BUY,BUY,BUY,CLOSED,1.3351,CLOSED,1.3351,PENDING,PENDING,PENDING,PENDING,PENDING,PENDING,1,7.490075649763238e-05,1,7.490075649763238e-05,PENDING,PENDING,PENDING,PENDING,PENDING,PENDING
2019-04-17 06:59:19,EURCHF,1.1383,18,4,6,19,2,7,17,1,9,13,4,10,9,5,9,BUY,BUY,BUY,BUY,NEUTRAL,PENDING,PENDING,PENDING,PENDING,PENDING,PENDING,PENDING,PENDING,PENDING,PENDING,PENDING,PENDING,PENDING,PENDING,PENDING,PENDING,PENDING,PENDING,PENDING,PENDING
2019-04-17 06:59:48,GBPJPY,146.15,7,11,10,10,9,9,15,2,10,12,5,10,8,7,8,SELL,BUY,BUY,BUY,NEUTRAL,CLOSED,146.2,CLOSED,146.0,PENDING,PENDING,PENDING,PENDING,PENDING,PENDING,0,-0.0003419972640217712,0,-0.0010273972602740115,PENDING,PENDING,PENDING,PENDING,PENDING,PENDING
2019-04-17 07:00:16,USDMXN,18.8587,5,17,6,6,13,9,4,15,8,3,16,8,5,9,9,SELL,SELL,SELL,SELL,NEUTRAL,CLOSED,18.8606,CLOSED,18.8606,PENDING,PENDING,PENDING,PENDING,PENDING,PENDING,0,-0.0001007391069214488,0,-0.0001007391069214488,PENDING,PENDING,PENDING,PENDING,PENDING,PENDING
2019-04-17 07:00:44,EURGBP,0.8654,14,4,10,17,4,7,14,4,9,7,10,10,5,11,7,BUY,BUY,BUY,NEUTRAL,SELL,PENDING,PENDING,PENDING,PENDING,PENDING,PENDING,PENDING,PENDING,PENDING,PENDING,PENDING,PENDING,PENDING,PENDING,PENDING,PENDING,PENDING,PENDING,PENDING,PENDING
2019-04-17 07:01:11,EURUSD,1.1303,17,2,9,17,2,9,13,5,9,6,12,9,2,13,8,BUY,BUY,BUY,SELL,SELL,CLOSED,1.1296,PENDING,PENDING,PENDING,PENDING,PENDING,PENDING,PENDING,PENDING,0,-0.0006196883852692502,PENDING,PENDING,PENDING,PENDING,PENDING,PENDING,PENDING,PENDING
2019-04-17 07:01:40,GBPCAD,1.7421,2,16,10,1,18,9,5,12,10,13,4,10,11,4,8,SELL,SELL,SELL,BUY,BUY,CLOSED,1.7399,PENDING,PENDING,PENDING,PENDING,PENDING,PENDING,PENDING,PENDING,1,0.0012644404850853381,PENDING,PENDING,PENDING,PENDING,PENDING,PENDING,PENDING,PENDING
2019-04-17 07:02:09,CADJPY,83.92,18,1,9,18,2,8,15,4,8,9,8,10,3,11,9,BUY,BUY,BUY,NEUTRAL,SELL,CLOSED,83.89,PENDING,PENDING,PENDING,PENDING,PENDING,PENDING,PENDING,PENDING,0,-0.00035761115746812657,PENDING,PENDING,PENDING,PENDING,PENDING,PENDING,PENDING,PENDING
2019-04-17 07:02:37,CHFJPY,111.15,6,12,10,4,17,7,5,14,8,4,14,9,3,11,9,SELL,SELL,SELL,SELL,SELL,CLOSED,110.87,PENDING,PENDING,PENDING,PENDING,PENDING,PENDING,PENDING,PENDING,1,0.0025254802922341584,PENDING,PENDING,PENDING,PENDING,PENDING,PENDING,PENDING,PENDING
2019-04-17 07:03:07,USDCHF,1.0070000000000001,14,6,8,18,4,6,17,3,7,16,1,10,12,1,10,BUY,BUY,BUY,BUY,BUY,CLOSED,1.0106,PENDING,PENDING,PENDING,PENDING,PENDING,PENDING,PENDING,PENDING,1,0.00356224025331469,PENDING,PENDING,PENDING,PENDING,PENDING,PENDING,PENDING,PENDING
2019-04-17 07:03:35,USDJPY,111.97,11,8,9,14,4,10,17,4,6,17,1,9,13,1,9,BUY,BUY,BUY,BUY,BUY,CLOSED,111.95,CLOSED,111.97,PENDING,PENDING,PENDING,PENDING,PENDING,PENDING,0,-0.00017865118356405555,0,0.0,PENDING,PENDING,PENDING,PENDING,PENDING,PENDING
2019-04-17 07:04:05,EURJPY,126.53,17,2,9,17,2,9,15,4,8,8,10,9,3,11,9,BUY,BUY,BUY,SELL,SELL,CLOSED,126.51,CLOSED,126.46,PENDING,PENDING,PENDING,PENDING,PENDING,PENDING,0,-0.0001580902695438781,0,-0.0005535347145342985,PENDING,PENDING,PENDING,PENDING,PENDING,PENDING
2019-04-17 07:04:35,CADCHF,0.7548,19,2,7,19,1,8,17,2,8,15,3,9,9,6,8,BUY,BUY,BUY,BUY,BUY,PENDING,PENDING,PENDING,PENDING,PENDING,PENDING,PENDING,PENDING,PENDING,PENDING,PENDING,PENDING,PENDING,PENDING,PENDING,PENDING,PENDING,PENDING,PENDING,PENDING
2019-04-17 07:05:04,EURCAD,1.508,13,6,8,10,9,9,13,6,8,12,6,9,8,5,10,BUY,BUY,BUY,BUY,NEUTRAL,CLOSED,1.5075,CLOSED,1.5066,PENDING,PENDING,PENDING,PENDING,PENDING,PENDING,0,-0.00033167495854059364,0,-0.0009292446568432682,PENDING,PENDING,PENDING,PENDING,PENDING,PENDING
2019-04-17 07:05:34,GBPUSD,1.3058,7,12,9,5,16,7,5,13,9,7,11,9,4,10,9,SELL,SELL,SELL,SELL,SELL,PENDING,PENDING,PENDING,PENDING,PENDING,PENDING,PENDING,PENDING,PENDING,PENDING,PENDING,PENDING,PENDING,PENDING,PENDING,PENDING,PENDING,PENDING,PENDING,PENDING
2019-04-17 07:06:04,USDCAD,1.3343,4,17,7,1,18,9,8,10,9,15,3,9,14,1,8,SELL,SELL,SELL,BUY,BUY,CLOSED,1.3351,CLOSED,1.3351,CLOSED,1.3352,PENDING,PENDING,PENDING,PENDING,0,-0.000599206051981059,0,-0.000599206051981059,0,-0.0006740563211503152,PENDING,PENDING,PENDING,PENDING
2019-04-17 09:07:29,EURCHF,1.1391,19,3,6,20,3,5,18,0,9,13,4,10,9,4,10,BUY,BUY,BUY,BUY,NEUTRAL,PENDING,PENDING,PENDING,PENDING,PENDING,PENDING,PENDING,PENDING,PENDING,PENDING,PENDING,PENDING,PENDING,PENDING,PENDING,PENDING,PENDING,PENDING,PENDING,PENDING
2019-04-17 09:08:02,GBPJPY,146.2,11,8,9,11,8,9,15,2,10,12,5,10,8,7,8,BUY,BUY,BUY,BUY,NEUTRAL,CLOSED,146.0,CLOSED,146.13,PENDING,PENDING,PENDING,PENDING,PENDING,PENDING,0,-0.0013698630136985523,0,-0.0004790255252172256,PENDING,PENDING,PENDING,PENDING,PENDING,PENDING
2019-04-17 09:08:35,USDMXN,18.8337,3,18,7,6,12,10,2,16,9,4,16,7,5,9,9,SELL,SELL,SELL,SELL,NEUTRAL,CLOSED,18.8606,CLOSED,18.8606,PENDING,PENDING,PENDING,PENDING,PENDING,PENDING,0,-0.0014262536716754108,0,-0.0014262536716754108,PENDING,PENDING,PENDING,PENDING,PENDING,PENDING
2019-04-17 09:09:08,EURGBP,0.8662,18,2,8,18,1,9,13,5,9,7,10,10,5,11,7,BUY,BUY,BUY,NEUTRAL,SELL,PENDING,PENDING,PENDING,PENDING,PENDING,PENDING,PENDING,PENDING,PENDING,PENDING,PENDING,PENDING,PENDING,PENDING,PENDING,PENDING,PENDING,PENDING,PENDING,PENDING
2019-04-17 09:09:42,EURUSD,1.1311,18,2,8,17,2,9,14,4,9,6,12,9,2,13,8,BUY,BUY,BUY,SELL,SELL,CLOSED,1.1296,PENDING,PENDING,PENDING,PENDING,PENDING,PENDING,PENDING,PENDING,0,-0.001327903682719597,PENDING,PENDING,PENDING,PENDING,PENDING,PENDING,PENDING,PENDING
2019-04-17 09:10:16,GBPCAD,1.7403,3,18,7,3,17,8,5,13,9,11,6,10,11,4,8,SELL,SELL,SELL,BUY,BUY,CLOSED,1.7399,PENDING,PENDING,PENDING,PENDING,PENDING,PENDING,PENDING,PENDING,1,0.00022989827001549282,PENDING,PENDING,PENDING,PENDING,PENDING,PENDING,PENDING,PENDING
2019-04-17 09:10:50,CADJPY,84.0,17,2,9,17,2,9,15,5,7,9,8,10,3,11,9,BUY,BUY,BUY,NEUTRAL,SELL,CLOSED,83.89,PENDING,PENDING,PENDING,PENDING,PENDING,PENDING,PENDING,PENDING,0,-0.0013112409107164076,PENDING,PENDING,PENDING,PENDING,PENDING,PENDING,PENDING,PENDING
2019-04-17 09:11:24,CHFJPY,111.11,2,17,9,1,18,9,3,15,9,4,14,9,3,11,9,SELL,SELL,SELL,SELL,SELL,CLOSED,110.87,PENDING,PENDING,PENDING,PENDING,PENDING,PENDING,PENDING,PENDING,1,0.0021646973933435094,PENDING,PENDING,PENDING,PENDING,PENDING,PENDING,PENDING,PENDING
2019-04-17 09:11:59,USDCHF,1.0073,17,3,8,18,3,7,17,3,7,16,1,10,12,1,10,BUY,BUY,BUY,BUY,BUY,CLOSED,1.0106,PENDING,PENDING,PENDING,PENDING,PENDING,PENDING,PENDING,PENDING,1,0.0032653868988718176,PENDING,PENDING,PENDING,PENDING,PENDING,PENDING,PENDING,PENDING
2019-04-17 09:12:34,USDJPY,111.95,7,13,8,11,8,9,17,4,6,17,1,9,13,1,9,SELL,BUY,BUY,BUY,BUY,CLOSED,112.02,CLOSED,111.97,PENDING,PENDING,PENDING,PENDING,PENDING,PENDING,0,-0.0006248884127833706,1,0.00017861927301952328,PENDING,PENDING,PENDING,PENDING,PENDING,PENDING
2019-04-17 09:13:10,EURJPY,126.63,18,1,9,16,2,10,15,4,8,9,9,9,3,11,9,BUY,BUY,BUY,NEUTRAL,SELL,CLOSED,126.51,CLOSED,126.46,PENDING,PENDING,PENDING,PENDING,PENDING,PENDING,0,-0.000948541617263381,0,-0.0013442985924403108,PENDING,PENDING,PENDING,PENDING,PENDING,PENDING
2019-04-17 09:13:45,CADCHF,0.7559,19,2,7,18,3,7,17,1,9,15,3,9,9,6,8,BUY,BUY,BUY,BUY,BUY,PENDING,PENDING,PENDING,PENDING,PENDING,PENDING,PENDING,PENDING,PENDING,PENDING,PENDING,PENDING,PENDING,PENDING,PENDING,PENDING,PENDING,PENDING,PENDING,PENDING
2019-04-17 09:14:21,EURCAD,1.5075,5,14,9,10,8,10,12,7,8,11,7,9,8,5,10,SELL,NEUTRAL,BUY,BUY,NEUTRAL,CLOSED,1.5076,CLOSED,1.5076,PENDING,PENDING,PENDING,PENDING,PENDING,PENDING,0,-6.633059166887038e-05,PENDING,PENDING,PENDING,PENDING,PENDING,PENDING,PENDING,PENDING
2019-04-17 09:14:57,GBPUSD,1.3057,6,13,9,3,16,9,4,13,10,7,11,9,4,10,9,SELL,SELL,SELL,SELL,SELL,PENDING,PENDING,PENDING,PENDING,PENDING,PENDING,PENDING,PENDING,PENDING,PENDING,PENDING,PENDING,PENDING,PENDING,PENDING,PENDING,PENDING,PENDING,PENDING,PENDING
2019-04-17 09:15:34,USDCAD,1.3325,2,17,9,1,17,10,5,14,8,12,6,9,14,0,9,SELL,SELL,SELL,BUY,BUY,CLOSED,1.3351,CLOSED,1.3351,PENDING,PENDING,PENDING,PENDING,PENDING,PENDING,0,-0.0019474196689386082,0,-0.0019474196689386082,PENDING,PENDING,PENDING,PENDING,PENDING,PENDING
2019-04-17 11:29:22,EURCHF,1.1403,18,4,6,18,3,7,17,1,9,15,2,10,10,4,9,BUY,BUY,BUY,BUY,BUY,PENDING,PENDING,PENDING,PENDING,PENDING,PENDING,PENDING,PENDING,PENDING,PENDING,PENDING,PENDING,PENDING,PENDING,PENDING,PENDING,PENDING,PENDING,PENDING,PENDING
2019-04-17 11:30:00,GBPJPY,146.0,3,16,9,5,13,10,13,4,10,12,5,10,8,7,8,SELL,SELL,BUY,BUY,NEUTRAL,CLOSED,146.13,CLOSED,146.13,PENDING,PENDING,PENDING,PENDING,PENDING,PENDING,0,-0.0008896188325463317,0,-0.0008896188325463317,PENDING,PENDING,PENDING,PENDING,PENDING,PENDING
2019-04-17 11:30:39,USDMXN,18.8251,0,19,9,3,15,10,3,15,9,4,16,7,4,10,9,SELL,SELL,SELL,SELL,SELL,CLOSED,18.8606,CLOSED,18.8606,PENDING,PENDING,PENDING,PENDING,PENDING,PENDING,0,-0.0018822306819508672,0,-0.0018822306819508672,PENDING,PENDING,PENDING,PENDING,PENDING,PENDING
2019-04-17 11:31:19,EURGBP,0.8677,18,4,6,18,1,9,13,5,9,7,10,10,6,10,7,BUY,BUY,BUY,NEUTRAL,SELL,PENDING,PENDING,PENDING,PENDING,PENDING,PENDING,PENDING,PENDING,PENDING,PENDING,PENDING,PENDING,PENDING,PENDING,PENDING,PENDING,PENDING,PENDING,PENDING,PENDING
2019-04-17 11:31:57,EURUSD,1.1313,18,2,8,17,2,9,14,4,9,6,12,9,2,13,8,BUY,BUY,BUY,SELL,SELL,CLOSED,1.1296,PENDING,PENDING,PENDING,PENDING,PENDING,PENDING,PENDING,PENDING,0,-0.0015049575070821839,PENDING,PENDING,PENDING,PENDING,PENDING,PENDING,PENDING,PENDING
2019-04-17 11:32:36,GBPCAD,1.7361,4,17,7,1,18,9,5,13,9,12,6,9,10,5,8,SELL,SELL,SELL,BUY,BUY,CLOSED,1.7399,PENDING,PENDING,PENDING,PENDING,PENDING,PENDING,PENDING,PENDING,0,-0.002184033565147437,PENDING,PENDING,PENDING,PENDING,PENDING,PENDING,PENDING,PENDING
2019-04-17 11:33:15,CADJPY,84.08,17,3,8,18,1,9,15,5,7,9,8,10,3,11,9,BUY,BUY,BUY,NEUTRAL,SELL,CLOSED,83.89,PENDING,PENDING,PENDING,PENDING,PENDING,PENDING,PENDING,PENDING,0,-0.0022648706639646888,PENDING,PENDING,PENDING,PENDING,PENDING,PENDING,PENDING,PENDING
2019-04-17 11:33:55,CHFJPY,111.07,2,16,10,0,19,9,3,15,9,3,15,9,3,11,9,SELL,SELL,SELL,SELL,SELL,CLOSED,110.87,PENDING,PENDING,PENDING,PENDING,PENDING,PENDING,PENDING,PENDING,1,0.0018039144944528604,PENDING,PENDING,PENDING,PENDING,PENDING,PENDING,PENDING,PENDING
2019-04-17 11:34:37,USDCHF,1.0079,17,2,9,18,3,7,17,2,8,16,1,10,12,1,10,BUY,BUY,BUY,BUY,BUY,CLOSED,1.0106,PENDING,PENDING,PENDING,PENDING,PENDING,PENDING,PENDING,PENDING,1,0.0026716801899860725,PENDING,PENDING,PENDING,PENDING,PENDING,PENDING,PENDING,PENDING
2019-04-17 11:35:18,USDJPY,112.02,18,1,9,16,3,9,17,4,6,17,1,9,13,1,9,BUY,BUY,BUY,BUY,BUY,CLOSED,111.98,CLOSED,111.97,PENDING,PENDING,PENDING,PENDING,PENDING,PENDING,0,-0.00035720664404350814,0,-0.00044654818254887164,PENDING,PENDING,PENDING,PENDING,PENDING,PENDING
2019-04-17 11:35:58,EURJPY,126.73,18,2,8,17,2,9,15,4,8,9,10,8,3,11,9,BUY,BUY,BUY,SELL,SELL,CLOSED,126.51,CLOSED,126.46,PENDING,PENDING,PENDING,PENDING,PENDING,PENDING,0,-0.0017389929649829963,0,-0.0021350624703464355,PENDING,PENDING,PENDING,PENDING,PENDING,PENDING
2019-04-17 11:36:39,CADCHF,0.757,18,4,6,19,3,6,17,1,9,16,2,9,11,4,8,BUY,BUY,BUY,BUY,BUY,PENDING,PENDING,PENDING,PENDING,PENDING,PENDING,PENDING,PENDING,PENDING,PENDING,PENDING,PENDING,PENDING,PENDING,PENDING,PENDING,PENDING,PENDING,PENDING,PENDING
2019-04-17 11:37:21,EURCAD,1.5066,3,16,9,7,11,10,12,7,8,10,8,9,7,6,10,SELL,SELL,BUY,BUY,NEUTRAL,CLOSED,1.5076,CLOSED,1.5076,PENDING,PENDING,PENDING,PENDING,PENDING,PENDING,0,-0.0006633059166888511,0,-0.0006633059166888511,PENDING,PENDING,PENDING,PENDING,PENDING,PENDING
2019-04-17 11:38:04,GBPUSD,1.3036,2,17,9,1,18,9,4,13,10,7,11,9,2,12,9,SELL,SELL,SELL,SELL,SELL,PENDING,PENDING,PENDING,PENDING,PENDING,PENDING,PENDING,PENDING,PENDING,PENDING,PENDING,PENDING,PENDING,PENDING,PENDING,PENDING,PENDING,PENDING,PENDING,PENDING
2019-04-17 11:38:51,USDCAD,1.3318,3,17,8,1,17,10,5,14,8,11,7,9,14,0,9,SELL,SELL,SELL,BUY,BUY,CLOSED,1.3351,CLOSED,1.3351,PENDING,PENDING,PENDING,PENDING,PENDING,PENDING,0,-0.0024717249644220347,0,-0.0024717249644220347,PENDING,PENDING,PENDING,PENDING,PENDING,PENDING
2019-04-17 12:18:48,EURCHF,1.1404,18,3,7,18,5,5,17,1,9,15,2,10,10,4,9,BUY,BUY,BUY,BUY,BUY,PENDING,PENDING,PENDING,PENDING,PENDING,PENDING,PENDING,PENDING,PENDING,PENDING,PENDING,PENDING,PENDING,PENDING,PENDING,PENDING,PENDING,PENDING,PENDING,PENDING
2019-04-17 12:19:35,GBPJPY,146.09,7,12,9,9,12,7,15,2,10,12,5,10,8,7,8,SELL,SELL,BUY,BUY,NEUTRAL,CLOSED,146.13,CLOSED,146.13,PENDING,PENDING,PENDING,PENDING,PENDING,PENDING,0,-0.0002737288715526726,0,-0.0002737288715526726,PENDING,PENDING,PENDING,PENDING,PENDING,PENDING
2019-04-17 12:20:17,USDMXN,18.8215,1,18,9,2,16,10,3,15,9,4,16,7,4,10,9,SELL,SELL,SELL,SELL,SELL,CLOSED,18.8606,CLOSED,18.8606,PENDING,PENDING,PENDING,PENDING,PENDING,PENDING,0,-0.0020731047792753804,0,-0.0020731047792753804,PENDING,PENDING,PENDING,PENDING,PENDING,PENDING
2019-04-17 12:21:05,EURGBP,0.8669,17,3,8,18,3,7,13,6,8,7,10,10,5,11,7,BUY,BUY,BUY,NEUTRAL,SELL,PENDING,PENDING,PENDING,PENDING,PENDING,PENDING,PENDING,PENDING,PENDING,PENDING,PENDING,PENDING,PENDING,PENDING,PENDING,PENDING,PENDING,PENDING,PENDING,PENDING
2019-04-17 12:21:49,EURUSD,1.1311,16,3,9,16,3,9,14,4,9,6,12,9,2,13,8,BUY,BUY,BUY,SELL,SELL,CLOSED,1.1296,PENDING,PENDING,PENDING,PENDING,PENDING,PENDING,PENDING,PENDING,0,-0.001327903682719597,PENDING,PENDING,PENDING,PENDING,PENDING,PENDING,PENDING,PENDING
2019-04-17 12:22:33,GBPCAD,1.7377,3,18,7,4,17,7,5,13,9,12,6,9,11,4,8,SELL,SELL,SELL,BUY,BUY,CLOSED,1.7399,PENDING,PENDING,PENDING,PENDING,PENDING,PENDING,PENDING,PENDING,0,-0.0012644404850853381,PENDING,PENDING,PENDING,PENDING,PENDING,PENDING,PENDING,PENDING
2019-04-17 12:23:20,CADJPY,84.06,18,3,7,17,2,9,15,5,7,9,8,10,3,11,9,BUY,BUY,BUY,NEUTRAL,SELL,CLOSED,83.89,PENDING,PENDING,PENDING,PENDING,PENDING,PENDING,PENDING,PENDING,0,-0.0020264632256526607,PENDING,PENDING,PENDING,PENDING,PENDING,PENDING,PENDING,PENDING
2019-04-17 12:24:08,CHFJPY,111.07,3,18,7,3,18,7,3,15,9,3,15,9,3,11,9,SELL,SELL,SELL,SELL,SELL,CLOSED,110.87,PENDING,PENDING,PENDING,PENDING,PENDING,PENDING,PENDING,PENDING,1,0.0018039144944528604,PENDING,PENDING,PENDING,PENDING,PENDING,PENDING,PENDING,PENDING
2019-04-17 12:24:58,USDCHF,1.008,19,3,6,18,4,6,17,2,8,16,1,10,12,1,10,BUY,BUY,BUY,BUY,BUY,CLOSED,1.0106,PENDING,PENDING,PENDING,PENDING,PENDING,PENDING,PENDING,PENDING,1,0.002572729071838448,PENDING,PENDING,PENDING,PENDING,PENDING,PENDING,PENDING,PENDING
2019-04-17 12:25:46,USDJPY,112.0,17,3,8,14,4,10,17,3,7,17,1,9,13,1,9,BUY,BUY,BUY,BUY,BUY,CLOSED,111.98,CLOSED,111.97,PENDING,PENDING,PENDING,PENDING,PENDING,PENDING,0,-0.00017860332202175407,0,-0.0002679289095293484,PENDING,PENDING,PENDING,PENDING,PENDING,PENDING
2019-04-17 12:26:32,EURJPY,126.66,18,3,7,15,3,10,15,4,8,9,9,9,3,11,9,BUY,BUY,BUY,NEUTRAL,SELL,CLOSED,126.51,CLOSED,126.46,PENDING,PENDING,PENDING,PENDING,PENDING,PENDING,0,-0.0011856770215792544,0,-0.0015815277558121372,PENDING,PENDING,PENDING,PENDING,PENDING,PENDING
2019-04-17 12:27:18,CADCHF,0.7568,19,3,6,18,4,6,17,2,8,15,3,9,11,4,8,BUY,BUY,BUY,BUY,BUY,PENDING,PENDING,PENDING,PENDING,PENDING,PENDING,PENDING,PENDING,PENDING,PENDING,PENDING,PENDING,PENDING,PENDING,PENDING,PENDING,PENDING,PENDING,PENDING,PENDING
2019-04-17 12:28:04,EURCAD,1.5067,4,15,9,8,11,9,12,7,8,10,8,9,7,6,10,SELL,SELL,BUY,BUY,NEUTRAL,CLOSED,1.5076,CLOSED,1.5076,PENDING,PENDING,PENDING,PENDING,PENDING,PENDING,0,-0.0005969753250199807,0,-0.0005969753250199807,PENDING,PENDING,PENDING,PENDING,PENDING,PENDING
2019-04-17 12:28:49,GBPUSD,1.305,7,12,9,3,17,8,4,13,10,7,11,9,3,11,9,SELL,SELL,SELL,SELL,SELL,PENDING,PENDING,PENDING,PENDING,PENDING,PENDING,PENDING,PENDING,PENDING,PENDING,PENDING,PENDING,PENDING,PENDING,PENDING,PENDING,PENDING,PENDING,PENDING,PENDING
2019-04-17 12:29:34,USDCAD,1.3322,3,17,8,2,17,9,5,14,8,12,6,9,14,0,9,SELL,SELL,SELL,BUY,BUY,CLOSED,1.3351,CLOSED,1.3351,PENDING,PENDING,PENDING,PENDING,PENDING,PENDING,0,-0.002172121938431505,0,-0.002172121938431505,PENDING,PENDING,PENDING,PENDING,PENDING,PENDING
2019-04-17 13:23:21,EURCHF,1.1412,19,3,6,19,3,6,17,2,8,15,2,10,10,4,9,BUY,BUY,BUY,BUY,BUY,PENDING,PENDING,PENDING,PENDING,PENDING,PENDING,PENDING,PENDING,PENDING,PENDING,PENDING,PENDING,PENDING,PENDING,PENDING,PENDING,PENDING,PENDING,PENDING,PENDING
2019-04-17 13:24:07,GBPJPY,146.13,10,8,10,7,12,9,15,2,10,12,5,10,8,7,8,NEUTRAL,SELL,BUY,BUY,NEUTRAL,CLOSED,145.94,CLOSED,146.13,PENDING,PENDING,PENDING,PENDING,PENDING,PENDING,PENDING,PENDING,1,-0.0,PENDING,PENDING,PENDING,PENDING,PENDING,PENDING
2019-04-17 13:24:54,USDMXN,18.8103,1,18,9,3,15,10,2,16,9,4,16,7,4,10,9,SELL,SELL,SELL,SELL,SELL,CLOSED,18.8606,PENDING,PENDING,PENDING,PENDING,PENDING,PENDING,PENDING,PENDING,0,-0.002666935304285124,PENDING,PENDING,PENDING,PENDING,PENDING,PENDING,PENDING,PENDING
2019-04-17 13:25:41,EURGBP,0.8665,15,3,10,18,4,6,13,7,7,7,10,10,5,11,7,BUY,BUY,BUY,NEUTRAL,SELL,PENDING,PENDING,PENDING,PENDING,PENDING,PENDING,PENDING,PENDING,PENDING,PENDING,PENDING,PENDING,PENDING,PENDING,PENDING,PENDING,PENDING,PENDING,PENDING,PENDING
2019-04-17 13:26:36,EURUSD,1.1312,16,2,10,17,2,9,14,4,9,6,12,9,2,13,8,BUY,BUY,BUY,SELL,SELL,CLOSED,1.1296,PENDING,PENDING,PENDING,PENDING,PENDING,PENDING,PENDING,PENDING,0,-0.0014164305949008905,PENDING,PENDING,PENDING,PENDING,PENDING,PENDING,PENDING,PENDING
2019-04-17 13:27:31,GBPCAD,1.7397,4,14,10,4,18,6,5,13,9,12,6,9,11,4,8,SELL,SELL,SELL,BUY,BUY,CLOSED,1.7399,PENDING,PENDING,PENDING,PENDING,PENDING,PENDING,PENDING,PENDING,0,-0.00011494913500774641,PENDING,PENDING,PENDING,PENDING,PENDING,PENDING,PENDING,PENDING
2019-04-17 13:28:30,CADJPY,84.02,14,4,10,17,2,9,15,5,7,9,8,10,3,11,9,BUY,BUY,BUY,NEUTRAL,SELL,CLOSED,83.89,PENDING,PENDING,PENDING,PENDING,PENDING,PENDING,PENDING,PENDING,0,-0.0015496483490284355,PENDING,PENDING,PENDING,PENDING,PENDING,PENDING,PENDING,PENDING
2019-04-17 13:29:26,CHFJPY,110.97,2,19,7,1,18,9,3,15,9,2,16,9,2,12,9,SELL,SELL,SELL,SELL,SELL,CLOSED,110.87,PENDING,PENDING,PENDING,PENDING,PENDING,PENDING,PENDING,PENDING,1,0.0009019572472264302,PENDING,PENDING,PENDING,PENDING,PENDING,PENDING,PENDING,PENDING
2019-04-17 13:30:22,USDCHF,1.0088,18,5,5,19,4,5,17,1,9,16,1,10,12,1,10,BUY,BUY,BUY,BUY,BUY,CLOSED,1.0106,PENDING,PENDING,PENDING,PENDING,PENDING,PENDING,PENDING,PENDING,1,0.001781120126657455,PENDING,PENDING,PENDING,PENDING,PENDING,PENDING,PENDING,PENDING
2019-04-17 13:31:10,USDJPY,111.99,11,8,9,15,4,9,17,3,7,17,1,9,13,1,9,BUY,BUY,BUY,BUY,BUY,CLOSED,111.97,PENDING,PENDING,PENDING,PENDING,PENDING,PENDING,PENDING,PENDING,0,-0.00017861927301952328,PENDING,PENDING,PENDING,PENDING,PENDING,PENDING,PENDING,PENDING
2019-04-17 13:32:03,EURJPY,126.63,15,4,9,15,3,10,15,4,8,9,9,9,3,11,9,BUY,BUY,BUY,NEUTRAL,SELL,CLOSED,126.46,CLOSED,126.43,PENDING,PENDING,PENDING,PENDING,PENDING,PENDING,0,-0.0013442985924403108,0,-0.0015819030293442113,PENDING,PENDING,PENDING,PENDING,PENDING,PENDING
2019-04-17 13:32:53,CADCHF,0.7569,19,3,6,18,4,6,17,1,9,16,2,9,11,4,8,BUY,BUY,BUY,BUY,BUY,PENDING,PENDING,PENDING,PENDING,PENDING,PENDING,PENDING,PENDING,PENDING,PENDING,PENDING,PENDING,PENDING,PENDING,PENDING,PENDING,PENDING,PENDING,PENDING,PENDING
2019-04-17 13:33:44,EURCAD,1.5076,10,8,10,11,8,9,12,7,8,11,7,9,8,5,10,NEUTRAL,BUY,BUY,BUY,NEUTRAL,CLOSED,1.5055,CLOSED,1.5073,PENDING,PENDING,PENDING,PENDING,PENDING,PENDING,PENDING,PENDING,0,-0.0001990313806143216,PENDING,PENDING,PENDING,PENDING,PENDING,PENDING
2019-04-17 13:34:35,GBPUSD,1.3054,9,10,9,3,16,9,4,13,10,7,11,9,4,10,9,SELL,SELL,SELL,SELL,SELL,PENDING,PENDING,PENDING,PENDING,PENDING,PENDING,PENDING,PENDING,PENDING,PENDING,PENDING,PENDING,PENDING,PENDING,PENDING,PENDING,PENDING,PENDING,PENDING,PENDING
2019-04-17 13:35:25,USDCAD,1.3329,3,15,10,1,18,9,6,12,9,13,5,9,14,0,9,SELL,SELL,SELL,BUY,BUY,CLOSED,1.3351,CLOSED,1.3351,PENDING,PENDING,PENDING,PENDING,PENDING,PENDING,0,-0.0016478166429480788,0,-0.0016478166429480788,PENDING,PENDING,PENDING,PENDING,PENDING,PENDING
2019-04-17 14:03:28,EURCHF,1.1403,16,3,9,17,5,6,17,1,9,15,2,10,10,4,9,BUY,BUY,BUY,BUY,BUY,PENDING,PENDING,PENDING,PENDING,PENDING,PENDING,PENDING,PENDING,PENDING,PENDING,PENDING,PENDING,PENDING,PENDING,PENDING,PENDING,PENDING,PENDING,PENDING,PENDING
2019-04-17 14:04:20,GBPJPY,146.14,11,8,9,8,11,9,15,2,10,12,5,10,8,7,8,BUY,SELL,BUY,BUY,NEUTRAL,CLOSED,145.94,CLOSED,146.13,PENDING,PENDING,PENDING,PENDING,PENDING,PENDING,0,-0.0013704262025489148,1,6.843221788811952e-05,PENDING,PENDING,PENDING,PENDING,PENDING,PENDING
2019-04-17 14:05:14,USDMXN,18.8301,3,15,10,2,16,10,2,16,9,4,16,7,5,9,9,SELL,SELL,SELL,SELL,NEUTRAL,CLOSED,18.8606,PENDING,PENDING,PENDING,PENDING,PENDING,PENDING,PENDING,PENDING,0,-0.0016171277689999242,PENDING,PENDING,PENDING,PENDING,PENDING,PENDING,PENDING,PENDING
2019-04-17 14:06:03,EURGBP,0.8659,11,8,9,18,4,6,13,7,7,7,10,10,5,11,7,BUY,BUY,BUY,NEUTRAL,SELL,PENDING,PENDING,PENDING,PENDING,PENDING,PENDING,PENDING,PENDING,PENDING,PENDING,PENDING,PENDING,PENDING,PENDING,PENDING,PENDING,PENDING,PENDING,PENDING,PENDING
2019-04-17 14:06:52,EURUSD,1.1304,13,5,10,17,2,9,13,5,9,6,11,10,2,13,8,BUY,BUY,BUY,SELL,SELL,CLOSED,1.1296,PENDING,PENDING,PENDING,PENDING,PENDING,PENDING,PENDING,PENDING,0,-0.0007082152974505436,PENDING,PENDING,PENDING,PENDING,PENDING,PENDING,PENDING,PENDING
2019-04-17 14:07:42,GBPCAD,1.7406,7,12,9,3,18,7,5,13,9,12,6,9,11,4,8,SELL,SELL,SELL,BUY,BUY,CLOSED,1.7399,PENDING,PENDING,PENDING,PENDING,PENDING,PENDING,PENDING,PENDING,1,0.0004023219725271124,PENDING,PENDING,PENDING,PENDING,PENDING,PENDING,PENDING,PENDING
2019-04-17 14:08:32,CADJPY,83.94,13,5,10,16,3,9,15,4,8,9,8,10,3,11,9,BUY,BUY,BUY,NEUTRAL,SELL,CLOSED,83.89,PENDING,PENDING,PENDING,PENDING,PENDING,PENDING,PENDING,PENDING,0,-0.0005960185957801545,PENDING,PENDING,PENDING,PENDING,PENDING,PENDING,PENDING,PENDING
2019-04-17 14:09:25,CHFJPY,110.95,3,18,7,2,18,8,3,15,9,2,18,7,2,12,9,SELL,SELL,SELL,SELL,SELL,CLOSED,110.87,PENDING,PENDING,PENDING,PENDING,PENDING,PENDING,PENDING,PENDING,1,0.0007215657977811698,PENDING,PENDING,PENDING,PENDING,PENDING,PENDING,PENDING,PENDING
2019-04-17 14:10:23,USDCHF,1.0088,18,4,6,19,4,5,17,1,9,16,1,10,12,1,10,BUY,BUY,BUY,BUY,BUY,CLOSED,1.0106,PENDING,PENDING,PENDING,PENDING,PENDING,PENDING,PENDING,PENDING,1,0.001781120126657455,PENDING,PENDING,PENDING,PENDING,PENDING,PENDING,PENDING,PENDING
2019-04-17 14:11:16,USDJPY,111.98,9,9,10,14,5,9,17,3,7,17,1,9,13,1,9,NEUTRAL,BUY,BUY,BUY,BUY,CLOSED,111.97,PENDING,PENDING,PENDING,PENDING,PENDING,PENDING,PENDING,PENDING,PENDING,PENDING,PENDING,PENDING,PENDING,PENDING,PENDING,PENDING,PENDING,PENDING
2019-04-17 14:12:08,EURJPY,126.51,9,9,10,11,7,10,15,4,8,8,10,9,3,11,9,NEUTRAL,BUY,BUY,SELL,SELL,CLOSED,126.46,CLOSED,126.43,PENDING,PENDING,PENDING,PENDING,PENDING,PENDING,PENDING,PENDING,0,-0.0006327612117377069,PENDING,PENDING,PENDING,PENDING,PENDING,PENDING
2019-04-17 14:13:02,CADCHF,0.7563,16,4,8,18,6,4,17,2,8,15,3,9,10,5,8,BUY,BUY,BUY,BUY,BUY,PENDING,PENDING,PENDING,PENDING,PENDING,PENDING,PENDING,PENDING,PENDING,PENDING,PENDING,PENDING,PENDING,PENDING,PENDING,PENDING,PENDING,PENDING,PENDING,PENDING
2019-04-17 14:13:59,EURCAD,1.507,5,14,9,7,12,9,12,7,8,10,8,9,7,6,10,SELL,SELL,BUY,BUY,NEUTRAL,CLOSED,1.5076,CLOSED,1.5076,PENDING,PENDING,PENDING,PENDING,PENDING,PENDING,0,-0.00039798355001336957,0,-0.00039798355001336957,PENDING,PENDING,PENDING,PENDING,PENDING,PENDING
2019-04-17 14:14:53,GBPUSD,1.305,8,11,9,3,17,8,4,13,10,7,11,9,3,11,9,SELL,SELL,SELL,SELL,SELL,PENDING,PENDING,PENDING,PENDING,PENDING,PENDING,PENDING,PENDING,PENDING,PENDING,PENDING,PENDING,PENDING,PENDING,PENDING,PENDING,PENDING,PENDING,PENDING,PENDING
2019-04-17 14:15:47,USDCAD,1.3335,5,14,9,1,18,9,7,11,9,14,4,9,14,0,9,SELL,SELL,SELL,BUY,BUY,CLOSED,1.3351,CLOSED,1.3351,PENDING,PENDING,PENDING,PENDING,PENDING,PENDING,0,-0.0011984121039622844,0,-0.0011984121039622844,PENDING,PENDING,PENDING,PENDING,PENDING,PENDING
2019-04-17 16:19:05,EURCHF,1.1397,14,4,10,18,3,7,18,1,8,13,4,10,10,4,9,BUY,BUY,BUY,BUY,BUY,PENDING,PENDING,PENDING,PENDING,PENDING,PENDING,PENDING,PENDING,PENDING,PENDING,PENDING,PENDING,PENDING,PENDING,PENDING,PENDING,PENDING,PENDING,PENDING,PENDING
2019-04-17 16:19:54,GBPJPY,145.94,2,16,10,5,14,9,13,4,10,12,5,10,8,7,8,SELL,SELL,BUY,BUY,NEUTRAL,CLOSED,146.13,CLOSED,146.13,PENDING,PENDING,PENDING,PENDING,PENDING,PENDING,0,-0.0013002121398754379,0,-0.0013002121398754379,PENDING,PENDING,PENDING,PENDING,PENDING,PENDING
2019-04-17 16:20:42,USDMXN,18.8606,13,6,9,11,8,9,4,15,8,3,16,8,5,9,9,BUY,BUY,SELL,SELL,NEUTRAL,CLOSED,18.8354,CLOSED,18.833,PENDING,PENDING,PENDING,PENDING,PENDING,PENDING,0,-0.001337906282850466,0,-0.0014655126639411236,PENDING,PENDING,PENDING,PENDING,PENDING,PENDING
2019-04-17 16:21:33,EURGBP,0.8662,14,5,9,18,2,8,13,7,7,7,10,10,5,11,7,BUY,BUY,BUY,NEUTRAL,SELL,PENDING,PENDING,PENDING,PENDING,PENDING,PENDING,PENDING,PENDING,PENDING,PENDING,PENDING,PENDING,PENDING,PENDING,PENDING,PENDING,PENDING,PENDING,PENDING,PENDING
2019-04-17 16:22:23,EURUSD,1.1296,5,13,10,10,9,9,11,7,9,6,11,10,2,13,8,SELL,BUY,BUY,SELL,SELL,CLOSED,1.1299,PENDING,PENDING,PENDING,PENDING,PENDING,PENDING,PENDING,PENDING,0,-0.0002655102221435233,PENDING,PENDING,PENDING,PENDING,PENDING,PENDING,PENDING,PENDING
2019-04-17 16:23:13,GBPCAD,1.7381,3,15,10,3,18,7,5,13,9,11,6,10,11,4,8,SELL,SELL,SELL,BUY,BUY,CLOSED,1.7399,PENDING,PENDING,PENDING,PENDING,PENDING,PENDING,PENDING,PENDING,0,-0.0010345422150698452,PENDING,PENDING,PENDING,PENDING,PENDING,PENDING,PENDING,PENDING
2019-04-17 16:24:04,CADJPY,83.98,13,5,10,17,2,9,14,7,6,9,8,10,3,11,9,BUY,BUY,BUY,NEUTRAL,SELL,CLOSED,83.89,PENDING,PENDING,PENDING,PENDING,PENDING,PENDING,PENDING,PENDING,0,-0.0010728334724043798,PENDING,PENDING,PENDING,PENDING,PENDING,PENDING,PENDING,PENDING
2019-04-17 16:24:55,CHFJPY,110.93,2,17,9,1,19,8,3,15,9,2,18,7,2,12,9,SELL,SELL,SELL,SELL,SELL,CLOSED,110.87,PENDING,PENDING,PENDING,PENDING,PENDING,PENDING,PENDING,PENDING,1,0.0005411743483359093,PENDING,PENDING,PENDING,PENDING,PENDING,PENDING,PENDING,PENDING
2019-04-17 16:25:46,USDCHF,1.009,19,1,8,20,1,7,17,1,9,16,1,10,12,1,10,BUY,BUY,BUY,BUY,BUY,CLOSED,1.0106,PENDING,PENDING,PENDING,PENDING,PENDING,PENDING,PENDING,PENDING,1,0.0015832178903622065,PENDING,PENDING,PENDING,PENDING,PENDING,PENDING,PENDING,PENDING
2019-04-17 16:26:36,USDJPY,111.97,9,10,9,10,8,10,17,4,6,17,1,9,13,1,9,SELL,NEUTRAL,BUY,BUY,BUY,CLOSED,111.98,CLOSED,112.08,PENDING,PENDING,PENDING,PENDING,PENDING,PENDING,0,-8.930166101094049e-05,PENDING,PENDING,PENDING,PENDING,PENDING,PENDING,PENDING,PENDING
2019-04-17 16:27:28,EURJPY,126.46,6,13,9,9,9,10,15,4,8,8,10,9,4,10,9,SELL,NEUTRAL,BUY,SELL,SELL,CLOSED,126.56,CLOSED,126.58,PENDING,PENDING,PENDING,PENDING,PENDING,PENDING,0,-0.0007901390644754151,PENDING,PENDING,PENDING,PENDING,PENDING,PENDING,PENDING,PENDING
2019-04-17 16:28:20,CADCHF,0.7569,15,3,10,17,3,8,17,2,8,16,2,9,11,4,8,BUY,BUY,BUY,BUY,BUY,PENDING,PENDING,PENDING,PENDING,PENDING,PENDING,PENDING,PENDING,PENDING,PENDING,PENDING,PENDING,PENDING,PENDING,PENDING,PENDING,PENDING,PENDING,PENDING,PENDING
2019-04-17 16:29:12,EURCAD,1.5055,2,16,10,5,14,9,9,10,8,10,8,9,6,7,10,SELL,SELL,SELL,BUY,NEUTRAL,CLOSED,1.5076,CLOSED,1.5074,PENDING,PENDING,PENDING,PENDING,PENDING,PENDING,0,-0.0013929424250464252,0,-0.0012604484542921672,PENDING,PENDING,PENDING,PENDING,PENDING,PENDING
2019-04-17 16:30:05,GBPUSD,1.3037,2,17,9,0,19,9,4,14,9,7,11,9,2,12,9,SELL,SELL,SELL,SELL,SELL,PENDING,PENDING,PENDING,PENDING,PENDING,PENDING,PENDING,PENDING,PENDING,PENDING,PENDING,PENDING,PENDING,PENDING,PENDING,PENDING,PENDING,PENDING,PENDING,PENDING
2019-04-17 16:30:58,USDCAD,1.3325,5,13,10,2,17,9,5,14,8,12,5,10,14,0,9,SELL,SELL,SELL,BUY,BUY,CLOSED,1.3351,CLOSED,1.3352,PENDING,PENDING,PENDING,PENDING,PENDING,PENDING,0,-0.0019474196689386082,0,-0.002022168963451112,PENDING,PENDING,PENDING,PENDING,PENDING,PENDING
2019-04-17 17:03:06,EURCHF,1.14,13,5,10,18,4,6,17,2,8,13,4,10,10,4,9,BUY,BUY,BUY,BUY,BUY,PENDING,PENDING,PENDING,PENDING,PENDING,PENDING,PENDING,PENDING,PENDING,PENDING,PENDING,PENDING,PENDING,PENDING,PENDING,PENDING,PENDING,PENDING,PENDING,PENDING
2019-04-17 17:04:03,GBPJPY,146.07,9,9,10,7,12,9,14,3,10,12,5,10,8,7,8,NEUTRAL,SELL,BUY,BUY,NEUTRAL,CLOSED,145.91,CLOSED,146.13,PENDING,PENDING,PENDING,PENDING,PENDING,PENDING,PENDING,PENDING,0,-0.0004105933073291061,PENDING,PENDING,PENDING,PENDING,PENDING,PENDING
2019-04-17 17:05:01,USDMXN,18.8202,1,18,9,3,15,10,3,15,9,4,16,7,4,10,9,SELL,SELL,SELL,SELL,SELL,CLOSED,18.8454,PENDING,PENDING,PENDING,PENDING,PENDING,PENDING,PENDING,PENDING,0,-0.0013371963449967453,PENDING,PENDING,PENDING,PENDING,PENDING,PENDING,PENDING,PENDING
2019-04-17 17:06:00,EURGBP,0.8661,12,7,9,17,3,8,13,7,7,7,10,10,5,11,7,BUY,BUY,BUY,NEUTRAL,SELL,PENDING,PENDING,PENDING,PENDING,PENDING,PENDING,PENDING,PENDING,PENDING,PENDING,PENDING,PENDING,PENDING,PENDING,PENDING,PENDING,PENDING,PENDING,PENDING,PENDING
2019-04-17 17:07:00,EURUSD,1.13,11,8,9,12,7,9,12,6,9,6,11,10,2,13,8,BUY,BUY,BUY,SELL,SELL,CLOSED,1.1298,PENDING,PENDING,PENDING,PENDING,PENDING,PENDING,PENDING,PENDING,0,-0.00017702248185517613,PENDING,PENDING,PENDING,PENDING,PENDING,PENDING,PENDING,PENDING
2019-04-17 17:08:01,GBPCAD,1.7382,6,13,9,3,18,7,5,13,9,11,6,10,11,4,8,SELL,SELL,SELL,BUY,BUY,CLOSED,1.7399,PENDING,PENDING,PENDING,PENDING,PENDING,PENDING,PENDING,PENDING,0,-0.000977067647565972,PENDING,PENDING,PENDING,PENDING,PENDING,PENDING,PENDING,PENDING
2019-04-17 17:09:03,CADJPY,84.05,17,2,9,17,2,9,15,5,7,9,8,10,3,11,9,BUY,BUY,BUY,NEUTRAL,SELL,CLOSED,83.89,PENDING,PENDING,PENDING,PENDING,PENDING,PENDING,PENDING,PENDING,0,-0.001907259506496562,PENDING,PENDING,PENDING,PENDING,PENDING,PENDING,PENDING,PENDING
2019-04-17 17:10:04,CHFJPY,110.96,4,15,9,2,19,7,3,15,9,2,16,9,2,12,9,SELL,SELL,SELL,SELL,SELL,CLOSED,110.87,PENDING,PENDING,PENDING,PENDING,PENDING,PENDING,PENDING,PENDING,1,0.0008117615225037358,PENDING,PENDING,PENDING,PENDING,PENDING,PENDING,PENDING,PENDING
2019-04-17 17:11:04,USDCHF,1.0088,19,3,6,20,2,6,17,1,9,16,1,10,12,1,10,BUY,BUY,BUY,BUY,BUY,CLOSED,1.0106,PENDING,PENDING,PENDING,PENDING,PENDING,PENDING,PENDING,PENDING,1,0.001781120126657455,PENDING,PENDING,PENDING,PENDING,PENDING,PENDING,PENDING,PENDING
2019-04-17 17:12:05,USDJPY,111.98,10,9,9,14,4,10,17,4,6,17,1,9,13,1,9,BUY,BUY,BUY,BUY,BUY,CLOSED,111.92,PENDING,PENDING,PENDING,PENDING,PENDING,PENDING,PENDING,PENDING,0,-0.0005360972122945164,PENDING,PENDING,PENDING,PENDING,PENDING,PENDING,PENDING,PENDING
2019-04-17 17:13:06,EURJPY,126.54,15,4,9,12,6,10,15,4,8,8,10,9,3,11,9,BUY,BUY,BUY,SELL,SELL,CLOSED,126.43,PENDING,PENDING,PENDING,PENDING,PENDING,PENDING,PENDING,PENDING,0,-0.0008700466661393611,PENDING,PENDING,PENDING,PENDING,PENDING,PENDING,PENDING,PENDING
2019-04-17 17:14:08,CADCHF,0.7569,16,3,9,17,3,8,17,2,8,16,2,9,11,4,8,BUY,BUY,BUY,BUY,BUY,PENDING,PENDING,PENDING,PENDING,PENDING,PENDING,PENDING,PENDING,PENDING,PENDING,PENDING,PENDING,PENDING,PENDING,PENDING,PENDING,PENDING,PENDING,PENDING,PENDING
2019-04-17 17:15:10,EURCAD,1.5056,4,14,10,5,14,9,9,10,8,9,9,9,6,7,10,SELL,SELL,SELL,NEUTRAL,NEUTRAL,CLOSED,1.5076,CLOSED,1.5084,PENDING,PENDING,PENDING,PENDING,PENDING,PENDING,0,-0.0013266118333775548,0,-0.001856271546008959,PENDING,PENDING,PENDING,PENDING,PENDING,PENDING
2019-04-17 17:16:12,GBPUSD,1.3047,5,13,10,1,18,9,4,14,9,7,11,9,3,11,9,SELL,SELL,SELL,SELL,SELL,PENDING,PENDING,PENDING,PENDING,PENDING,PENDING,PENDING,PENDING,PENDING,PENDING,PENDING,PENDING,PENDING,PENDING,PENDING,PENDING,PENDING,PENDING,PENDING,PENDING
2019-04-17 17:17:13,USDCAD,1.3325,4,15,9,2,17,9,5,14,8,11,6,10,14,0,9,SELL,SELL,SELL,BUY,BUY,CLOSED,1.3351,CLOSED,1.3352,PENDING,PENDING,PENDING,PENDING,PENDING,PENDING,0,-0.0019474196689386082,0,-0.002022168963451112,PENDING,PENDING,PENDING,PENDING,PENDING,PENDING
2019-04-17 18:04:13,EURCHF,1.1409,18,2,8,18,3,7,17,2,8,15,2,10,10,4,9,BUY,BUY,BUY,BUY,BUY,PENDING,PENDING,PENDING,PENDING,PENDING,PENDING,PENDING,PENDING,PENDING,PENDING,PENDING,PENDING,PENDING,PENDING,PENDING,PENDING,PENDING,PENDING,PENDING,PENDING
2019-04-17 18:05:11,GBPJPY,145.91,2,18,8,3,16,9,12,5,10,12,5,10,8,7,8,SELL,SELL,BUY,BUY,NEUTRAL,CLOSED,146.13,PENDING,PENDING,PENDING,PENDING,PENDING,PENDING,PENDING,PENDING,0,-0.001505508793539991,PENDING,PENDING,PENDING,PENDING,PENDING,PENDING,PENDING,PENDING
2019-04-17 18:06:24,USDMXN,18.8354,3,16,9,4,14,10,2,16,9,4,16,7,5,9,9,SELL,SELL,SELL,SELL,NEUTRAL,CLOSED,18.8454,PENDING,PENDING,PENDING,PENDING,PENDING,PENDING,PENDING,PENDING,0,-0.0005306334702368516,PENDING,PENDING,PENDING,PENDING,PENDING,PENDING,PENDING,PENDING
2019-04-17 18:07:31,EURGBP,0.8666,17,2,9,18,2,8,13,7,7,7,10,10,5,11,7,BUY,BUY,BUY,NEUTRAL,SELL,PENDING,PENDING,PENDING,PENDING,PENDING,PENDING,PENDING,PENDING,PENDING,PENDING,PENDING,PENDING,PENDING,PENDING,PENDING,PENDING,PENDING,PENDING,PENDING,PENDING
2019-04-17 18:08:38,EURUSD,1.1298,6,12,10,10,9,9,12,6,9,6,11,10,2,13,8,SELL,BUY,BUY,SELL,SELL,CLOSED,1.1299,PENDING,PENDING,PENDING,PENDING,PENDING,PENDING,PENDING,PENDING,0,-8.850340738117444e-05,PENDING,PENDING,PENDING,PENDING,PENDING,PENDING,PENDING,PENDING
2019-04-17 18:09:49,GBPCAD,1.7393,7,11,10,3,18,7,5,13,9,11,6,10,11,4,8,SELL,SELL,SELL,BUY,BUY,CLOSED,1.7399,PENDING,PENDING,PENDING,PENDING,PENDING,PENDING,PENDING,PENDING,0,-0.00034484740502323924,PENDING,PENDING,PENDING,PENDING,PENDING,PENDING,PENDING,PENDING
2019-04-17 18:10:57,CADJPY,83.89,6,12,10,16,3,9,15,3,9,9,8,10,3,11,9,SELL,BUY,BUY,NEUTRAL,SELL,CLOSED,83.96,PENDING,PENDING,PENDING,PENDING,PENDING,PENDING,PENDING,PENDING,0,-0.0008337303477845781,PENDING,PENDING,PENDING,PENDING,PENDING,PENDING,PENDING,PENDING
2019-04-17 18:12:13,CHFJPY,110.82,3,19,6,1,18,9,2,17,8,2,17,8,2,12,9,SELL,SELL,SELL,SELL,SELL,CLOSED,110.87,PENDING,PENDING,PENDING,PENDING,PENDING,PENDING,PENDING,PENDING,0,-0.00045097862361334325,PENDING,PENDING,PENDING,PENDING,PENDING,PENDING,PENDING,PENDING
2019-04-17 18:13:15,USDCHF,1.01,20,3,5,19,2,7,17,1,9,16,1,10,12,1,10,BUY,BUY,BUY,BUY,BUY,CLOSED,1.0106,PENDING,PENDING,PENDING,PENDING,PENDING,PENDING,PENDING,PENDING,1,0.0005937067088857451,PENDING,PENDING,PENDING,PENDING,PENDING,PENDING,PENDING,PENDING
2019-04-17 18:14:25,USDJPY,111.98,10,9,9,13,5,10,17,3,7,17,1,9,13,1,9,BUY,BUY,BUY,BUY,BUY,CLOSED,111.92,PENDING,PENDING,PENDING,PENDING,PENDING,PENDING,PENDING,PENDING,0,-0.0005360972122945164,PENDING,PENDING,PENDING,PENDING,PENDING,PENDING,PENDING,PENDING
2019-04-17 18:15:34,EURJPY,126.43,4,15,9,9,9,10,15,5,7,8,10,9,4,10,9,SELL,NEUTRAL,BUY,SELL,SELL,CLOSED,126.56,CLOSED,126.43,PENDING,PENDING,PENDING,PENDING,PENDING,PENDING,0,-0.001027180783817916,PENDING,PENDING,PENDING,PENDING,PENDING,PENDING,PENDING,PENDING
2019-04-17 18:16:50,CADCHF,0.7568,13,5,10,17,3,8,17,2,8,15,3,9,11,4,8,BUY,BUY,BUY,BUY,BUY,PENDING,PENDING,PENDING,PENDING,PENDING,PENDING,PENDING,PENDING,PENDING,PENDING,PENDING,PENDING,PENDING,PENDING,PENDING,PENDING,PENDING,PENDING,PENDING,PENDING
2019-04-17 18:18:00,EURCAD,1.5076,13,5,10,12,8,8,12,7,8,11,7,9,8,5,10,BUY,BUY,BUY,BUY,NEUTRAL,CLOSED,1.5069,PENDING,PENDING,PENDING,PENDING,PENDING,PENDING,PENDING,PENDING,0,-0.0004645298294512874,PENDING,PENDING,PENDING,PENDING,PENDING,PENDING,PENDING,PENDING
2019-04-17 18:19:18,GBPUSD,1.3031,1,19,8,0,19,9,3,15,9,7,11,9,2,12,9,SELL,SELL,SELL,SELL,SELL,PENDING,PENDING,PENDING,PENDING,PENDING,PENDING,PENDING,PENDING,PENDING,PENDING,PENDING,PENDING,PENDING,PENDING,PENDING,PENDING,PENDING,PENDING,PENDING,PENDING
2019-04-17 18:20:27,USDCAD,1.3351,15,3,10,13,7,8,12,6,9,14,3,10,14,1,8,BUY,BUY,BUY,BUY,BUY,CLOSED,1.3342,PENDING,PENDING,PENDING,PENDING,PENDING,PENDING,PENDING,PENDING,0,-0.0006745615350021742,PENDING,PENDING,PENDING,PENDING,PENDING,PENDING,PENDING,PENDING
2019-04-17 19:06:26,EURCHF,1.1414,20,2,6,19,2,7,17,2,8,15,2,10,10,4,9,BUY,BUY,BUY,BUY,BUY,PENDING,PENDING,PENDING,PENDING,PENDING,PENDING,PENDING,PENDING,PENDING,PENDING,PENDING,PENDING,PENDING,PENDING,PENDING,PENDING,PENDING,PENDING,PENDING,PENDING
2019-04-17 19:07:45,GBPJPY,145.94,4,16,8,5,14,9,13,4,10,12,5,10,8,7,8,SELL,SELL,BUY,BUY,NEUTRAL,CLOSED,146.13,PENDING,PENDING,PENDING,PENDING,PENDING,PENDING,PENDING,PENDING,0,-0.0013002121398754379,PENDING,PENDING,PENDING,PENDING,PENDING,PENDING,PENDING,PENDING
2019-04-17 19:09:00,USDMXN,18.8314,1,17,10,3,15,10,3,15,9,4,16,7,5,9,9,SELL,SELL,SELL,SELL,NEUTRAL,CLOSED,18.8454,PENDING,PENDING,PENDING,PENDING,PENDING,PENDING,PENDING,PENDING,0,-0.0007428868583316298,PENDING,PENDING,PENDING,PENDING,PENDING,PENDING,PENDING,PENDING
2019-04-17 19:10:07,EURGBP,0.8666,17,1,10,18,2,8,13,7,7,7,10,10,5,11,7,BUY,BUY,BUY,NEUTRAL,SELL,PENDING,PENDING,PENDING,PENDING,PENDING,PENDING,PENDING,PENDING,PENDING,PENDING,PENDING,PENDING,PENDING,PENDING,PENDING,PENDING,PENDING,PENDING,PENDING,PENDING
2019-04-17 19:11:16,EURUSD,1.1297,7,11,10,11,8,9,12,6,9,6,11,10,2,13,8,SELL,BUY,BUY,SELL,SELL,CLOSED,1.1299,PENDING,PENDING,PENDING,PENDING,PENDING,PENDING,PENDING,PENDING,0,-0.00017700681476234888,PENDING,PENDING,PENDING,PENDING,PENDING,PENDING,PENDING,PENDING
2019-04-17 19:12:29,GBPCAD,1.7397,6,13,9,2,18,8,5,13,9,11,6,10,11,4,8,SELL,SELL,SELL,BUY,BUY,CLOSED,1.7399,PENDING,PENDING,PENDING,PENDING,PENDING,PENDING,PENDING,PENDING,0,-0.00011494913500774641,PENDING,PENDING,PENDING,PENDING,PENDING,PENDING,PENDING,PENDING
2019-04-17 19:13:47,CADJPY,83.92,9,10,9,15,4,9,15,3,9,9,8,10,3,11,9,SELL,BUY,BUY,NEUTRAL,SELL,CLOSED,83.96,PENDING,PENDING,PENDING,PENDING,PENDING,PENDING,PENDING,PENDING,0,-0.0004764173415911392,PENDING,PENDING,PENDING,PENDING,PENDING,PENDING,PENDING,PENDING
2019-04-17 19:14:59,CHFJPY,110.82,3,18,7,1,18,9,2,17,8,2,17,8,2,12,9,SELL,SELL,SELL,SELL,SELL,CLOSED,110.87,PENDING,PENDING,PENDING,PENDING,PENDING,PENDING,PENDING,PENDING,0,-0.00045097862361334325,PENDING,PENDING,PENDING,PENDING,PENDING,PENDING,PENDING,PENDING
2019-04-17 19:16:02,USDCHF,1.0102,19,3,6,19,2,7,17,1,9,16,1,10,12,1,10,BUY,BUY,BUY,BUY,BUY,CLOSED,1.0106,PENDING,PENDING,PENDING,PENDING,PENDING,PENDING,PENDING,PENDING,1,0.0003958044725904967,PENDING,PENDING,PENDING,PENDING,PENDING,PENDING,PENDING,PENDING
2019-04-17 19:17:11,USDJPY,112.0,13,6,9,16,2,10,17,3,7,17,1,9,13,1,9,BUY,BUY,BUY,BUY,BUY,CLOSED,111.92,PENDING,PENDING,PENDING,PENDING,PENDING,PENDING,PENDING,PENDING,0,-0.0007147962830593128,PENDING,PENDING,PENDING,PENDING,PENDING,PENDING,PENDING,PENDING
2019-04-17 19:18:21,EURJPY,126.48,8,11,9,10,8,10,15,4,8,8,10,9,3,11,9,SELL,NEUTRAL,BUY,SELL,SELL,CLOSED,126.58,CLOSED,126.43,PENDING,PENDING,PENDING,PENDING,PENDING,PENDING,0,-0.0007900142202559197,PENDING,PENDING,PENDING,PENDING,PENDING,PENDING,PENDING,PENDING
2019-04-17 19:19:32,CADCHF,0.7571,17,2,9,17,4,7,17,2,8,16,2,9,11,4,8,BUY,BUY,BUY,BUY,BUY,PENDING,PENDING,PENDING,PENDING,PENDING,PENDING,PENDING,PENDING,PENDING,PENDING,PENDING,PENDING,PENDING,PENDING,PENDING,PENDING,PENDING,PENDING,PENDING,PENDING
2019-04-17 19:20:38,EURCAD,1.5073,10,9,9,10,10,8,12,7,8,10,8,9,8,5,10,BUY,NEUTRAL,BUY,BUY,NEUTRAL,CLOSED,1.5069,CLOSED,1.5084,PENDING,PENDING,PENDING,PENDING,PENDING,PENDING,0,-0.00026544561682937025,PENDING,PENDING,PENDING,PENDING,PENDING,PENDING,PENDING,PENDING
2019-04-17 19:21:42,GBPUSD,1.3036,2,18,8,0,19,9,4,14,9,7,11,9,2,12,9,SELL,SELL,SELL,SELL,SELL,PENDING,PENDING,PENDING,PENDING,PENDING,PENDING,PENDING,PENDING,PENDING,PENDING,PENDING,PENDING,PENDING,PENDING,PENDING,PENDING,PENDING,PENDING,PENDING,PENDING
2019-04-17 19:22:46,USDCAD,1.3342,9,10,9,5,14,9,8,10,9,14,3,10,14,1,8,SELL,SELL,SELL,BUY,BUY,CLOSED,1.3343,CLOSED,1.3352,PENDING,PENDING,PENDING,PENDING,PENDING,PENDING,0,-7.494566439330659e-05,0,-0.0007489514679447948,PENDING,PENDING,PENDING,PENDING,PENDING,PENDING
2019-04-17 19:27:45,EURCHF,1.1414,20,2,6,19,2,7,17,2,8,15,2,10,10,4,9,BUY,BUY,BUY,BUY,BUY,PENDING,PENDING,PENDING,PENDING,PENDING,PENDING,PENDING,PENDING,PENDING,PENDING,PENDING,PENDING,PENDING,PENDING,PENDING,PENDING,PENDING,PENDING,PENDING,PENDING
2019-04-17 19:28:49,GBPJPY,145.98,3,16,9,6,14,8,13,4,10,12,5,10,8,7,8,SELL,SELL,BUY,BUY,NEUTRAL,CLOSED,146.13,PENDING,PENDING,PENDING,PENDING,PENDING,PENDING,PENDING,PENDING,0,-0.0010264832683227652,PENDING,PENDING,PENDING,PENDING,PENDING,PENDING,PENDING,PENDING
2019-04-17 19:29:50,USDMXN,18.8235,1,17,10,3,15,10,3,15,9,4,16,7,4,10,9,SELL,SELL,SELL,SELL,SELL,CLOSED,18.8454,PENDING,PENDING,PENDING,PENDING,PENDING,PENDING,PENDING,PENDING,0,-0.0011620872998186428,PENDING,PENDING,PENDING,PENDING,PENDING,PENDING,PENDING,PENDING
2019-04-17 19:30:53,EURGBP,0.8666,17,2,9,18,2,8,13,7,7,7,10,10,5,11,7,BUY,BUY,BUY,NEUTRAL,SELL,PENDING,PENDING,PENDING,PENDING,PENDING,PENDING,PENDING,PENDING,PENDING,PENDING,PENDING,PENDING,PENDING,PENDING,PENDING,PENDING,PENDING,PENDING,PENDING,PENDING
2019-04-17 19:31:55,EURUSD,1.1299,10,9,9,11,8,9,12,6,9,6,11,10,2,13,8,BUY,BUY,BUY,SELL,SELL,CLOSED,1.1297,PENDING,PENDING,PENDING,PENDING,PENDING,PENDING,PENDING,PENDING,0,-0.00017703815172167653,PENDING,PENDING,PENDING,PENDING,PENDING,PENDING,PENDING,PENDING
2019-04-17 19:32:58,GBPCAD,1.7395,6,13,9,2,18,8,5,13,9,11,6,10,11,4,8,SELL,SELL,SELL,BUY,BUY,CLOSED,1.7399,PENDING,PENDING,PENDING,PENDING,PENDING,PENDING,PENDING,PENDING,0,-0.00022989827001549282,PENDING,PENDING,PENDING,PENDING,PENDING,PENDING,PENDING,PENDING
2019-04-17 19:34:00,CADJPY,83.96,14,5,9,16,3,9,14,7,6,9,8,10,3,11,9,BUY,BUY,BUY,NEUTRAL,SELL,CLOSED,84.0,PENDING,PENDING,PENDING,PENDING,PENDING,PENDING,PENDING,PENDING,1,0.0004761904761905506,PENDING,PENDING,PENDING,PENDING,PENDING,PENDING,PENDING,PENDING
2019-04-17 19:35:04,CHFJPY,110.85,3,18,7,2,18,8,2,17,8,2,17,8,2,12,9,SELL,SELL,SELL,SELL,SELL,CLOSED,110.87,PENDING,PENDING,PENDING,PENDING,PENDING,PENDING,PENDING,PENDING,0,-0.00018039144944538858,PENDING,PENDING,PENDING,PENDING,PENDING,PENDING,PENDING,PENDING
2019-04-17 19:36:07,USDCHF,1.0102,19,3,6,19,2,7,17,1,9,16,1,10,12,1,10,BUY,BUY,BUY,BUY,BUY,CLOSED,1.0106,PENDING,PENDING,PENDING,PENDING,PENDING,PENDING,PENDING,PENDING,1,0.0003958044725904967,PENDING,PENDING,PENDING,PENDING,PENDING,PENDING,PENDING,PENDING
2019-04-17 19:37:11,USDJPY,112.04,20,0,8,16,2,10,17,4,6,17,1,9,13,1,9,BUY,BUY,BUY,BUY,BUY,CLOSED,111.92,PENDING,PENDING,PENDING,PENDING,PENDING,PENDING,PENDING,PENDING,0,-0.0010721944245890328,PENDING,PENDING,PENDING,PENDING,PENDING,PENDING,PENDING,PENDING
2019-04-17 19:38:14,EURJPY,126.56,18,1,9,14,4,10,15,4,8,8,10,9,3,11,9,BUY,BUY,BUY,SELL,SELL,CLOSED,126.43,PENDING,PENDING,PENDING,PENDING,PENDING,PENDING,PENDING,PENDING,0,-0.0010282369690737597,PENDING,PENDING,PENDING,PENDING,PENDING,PENDING,PENDING,PENDING
2019-04-17 19:39:17,CADCHF,0.7573,18,1,9,17,4,7,17,2,8,16,2,9,11,4,8,BUY,BUY,BUY,BUY,BUY,PENDING,PENDING,PENDING,PENDING,PENDING,PENDING,PENDING,PENDING,PENDING,PENDING,PENDING,PENDING,PENDING,PENDING,PENDING,PENDING,PENDING,PENDING,PENDING,PENDING
2019-04-17 19:40:22,EURCAD,1.5072,10,9,9,8,12,8,12,7,8,10,8,9,8,5,10,BUY,SELL,BUY,BUY,NEUTRAL,CLOSED,1.5069,CLOSED,1.5084,PENDING,PENDING,PENDING,PENDING,PENDING,PENDING,0,-0.00019908421262206452,0,-0.0007955449482894908,PENDING,PENDING,PENDING,PENDING,PENDING,PENDING
2019-04-17 19:41:26,GBPUSD,1.3044,6,13,9,2,18,8,4,14,9,7,11,9,3,11,9,SELL,SELL,SELL,SELL,SELL,PENDING,PENDING,PENDING,PENDING,PENDING,PENDING,PENDING,PENDING,PENDING,PENDING,PENDING,PENDING,PENDING,PENDING,PENDING,PENDING,PENDING,PENDING,PENDING,PENDING
2019-04-17 19:42:30,USDCAD,1.3339,8,11,9,4,15,9,8,10,9,13,4,10,14,0,9,SELL,SELL,SELL,BUY,BUY,CLOSED,1.3343,CLOSED,1.3352,PENDING,PENDING,PENDING,PENDING,PENDING,PENDING,0,-0.00029978265757322635,0,-0.0009736369083282331,PENDING,PENDING,PENDING,PENDING,PENDING,PENDING
2019-04-17 20:44:55,EURCHF,1.1418,19,3,6,19,3,6,17,2,8,15,2,10,10,4,9,BUY,BUY,BUY,BUY,BUY,PENDING,PENDING,PENDING,PENDING,PENDING,PENDING,PENDING,PENDING,PENDING,PENDING,PENDING,PENDING,PENDING,PENDING,PENDING,PENDING,PENDING,PENDING,PENDING,PENDING
2019-04-17 20:46:00,GBPJPY,146.06,6,13,9,9,12,7,14,3,10,12,5,10,8,7,8,SELL,SELL,BUY,BUY,NEUTRAL,CLOSED,146.13,PENDING,PENDING,PENDING,PENDING,PENDING,PENDING,PENDING,PENDING,0,-0.0004790255252172256,PENDING,PENDING,PENDING,PENDING,PENDING,PENDING,PENDING,PENDING
2019-04-17 20:47:04,USDMXN,18.833,2,17,9,2,17,9,2,16,9,4,16,7,5,9,9,SELL,SELL,SELL,SELL,NEUTRAL,CLOSED,18.8454,PENDING,PENDING,PENDING,PENDING,PENDING,PENDING,PENDING,PENDING,0,-0.0006579855030937563,PENDING,PENDING,PENDING,PENDING,PENDING,PENDING,PENDING,PENDING
2019-04-17 20:48:09,EURGBP,0.8666,18,1,9,17,3,8,13,7,7,7,10,10,5,11,7,BUY,BUY,BUY,NEUTRAL,SELL,PENDING,PENDING,PENDING,PENDING,PENDING,PENDING,PENDING,PENDING,PENDING,PENDING,PENDING,PENDING,PENDING,PENDING,PENDING,PENDING,PENDING,PENDING,PENDING,PENDING
2019-04-17 20:49:14,EURUSD,1.1297,6,14,8,13,7,8,12,6,9,6,11,10,2,13,8,SELL,BUY,BUY,SELL,SELL,CLOSED,1.1299,PENDING,PENDING,PENDING,PENDING,PENDING,PENDING,PENDING,PENDING,0,-0.00017700681476234888,PENDING,PENDING,PENDING,PENDING,PENDING,PENDING,PENDING,PENDING
2019-04-17 20:50:19,GBPCAD,1.7395,6,13,9,3,16,9,5,13,9,11,6,10,11,4,8,SELL,SELL,SELL,BUY,BUY,CLOSED,1.7399,PENDING,PENDING,PENDING,PENDING,PENDING,PENDING,PENDING,PENDING,0,-0.00022989827001549282,PENDING,PENDING,PENDING,PENDING,PENDING,PENDING,PENDING,PENDING
2019-04-17 20:51:24,CADJPY,83.96,13,6,9,16,3,9,14,5,8,9,8,10,3,11,9,BUY,BUY,BUY,NEUTRAL,SELL,CLOSED,84.0,PENDING,PENDING,PENDING,PENDING,PENDING,PENDING,PENDING,PENDING,1,0.0004761904761905506,PENDING,PENDING,PENDING,PENDING,PENDING,PENDING,PENDING,PENDING
2019-04-17 20:52:29,CHFJPY,110.86,5,16,7,4,18,6,2,16,9,2,17,8,2,12,9,SELL,SELL,SELL,SELL,SELL,CLOSED,110.87,PENDING,PENDING,PENDING,PENDING,PENDING,PENDING,PENDING,PENDING,0,-9.019572472269429e-05,PENDING,PENDING,PENDING,PENDING,PENDING,PENDING,PENDING,PENDING
2019-04-17 20:53:36,USDCHF,1.0105,19,5,4,19,3,6,17,2,8,16,1,10,12,1,10,BUY,BUY,BUY,BUY,BUY,CLOSED,1.0106,PENDING,PENDING,PENDING,PENDING,PENDING,PENDING,PENDING,PENDING,1,9.895111814762418e-05,PENDING,PENDING,PENDING,PENDING,PENDING,PENDING,PENDING,PENDING
2019-04-17 20:54:41,USDJPY,112.08,19,1,8,16,2,10,17,2,8,17,0,10,13,1,9,BUY,BUY,BUY,BUY,BUY,CLOSED,111.92,PENDING,PENDING,PENDING,PENDING,PENDING,PENDING,PENDING,PENDING,0,-0.0014295925661186256,PENDING,PENDING,PENDING,PENDING,PENDING,PENDING,PENDING,PENDING
2019-04-17 20:55:48,EURJPY,126.58,18,2,8,17,2,9,15,4,8,8,10,9,3,11,9,BUY,BUY,BUY,SELL,SELL,CLOSED,126.43,PENDING,PENDING,PENDING,PENDING,PENDING,PENDING,PENDING,PENDING,0,-0.0011864272720081583,PENDING,PENDING,PENDING,PENDING,PENDING,PENDING,PENDING,PENDING
2019-04-17 20:56:54,CADCHF,0.7573,16,3,9,17,4,7,17,2,8,16,2,9,11,4,8,BUY,BUY,BUY,BUY,BUY,PENDING,PENDING,PENDING,PENDING,PENDING,PENDING,PENDING,PENDING,PENDING,PENDING,PENDING,PENDING,PENDING,PENDING,PENDING,PENDING,PENDING,PENDING,PENDING,PENDING
2019-04-17 20:58:00,EURCAD,1.5074,11,8,9,11,9,8,12,7,8,11,7,9,8,5,10,BUY,BUY,BUY,BUY,NEUTRAL,CLOSED,1.5069,PENDING,PENDING,PENDING,PENDING,PENDING,PENDING,PENDING,PENDING,0,-0.00033180702103667597,PENDING,PENDING,PENDING,PENDING,PENDING,PENDING,PENDING,PENDING
2019-04-17 20:59:07,GBPUSD,1.3039,4,14,10,4,17,7,4,14,9,7,11,9,2,12,9,SELL,SELL,SELL,SELL,SELL,PENDING,PENDING,PENDING,PENDING,PENDING,PENDING,PENDING,PENDING,PENDING,PENDING,PENDING,PENDING,PENDING,PENDING,PENDING,PENDING,PENDING,PENDING,PENDING,PENDING
2019-04-17 21:00:15,USDCAD,1.3343,11,9,8,4,16,8,8,10,9,14,3,10,14,1,8,BUY,SELL,SELL,BUY,BUY,CLOSED,1.3341,CLOSED,1.3352,PENDING,PENDING,PENDING,PENDING,PENDING,PENDING,0,-0.00014991379956523347,0,-0.0006740563211503152,PENDING,PENDING,PENDING,PENDING,PENDING,PENDING
2019-04-17 22:02:42,EURCHF,1.1419,19,2,7,19,3,6,17,2,8,15,2,10,10,4,9,BUY,BUY,BUY,BUY,BUY,PENDING,PENDING,PENDING,PENDING,PENDING,PENDING,PENDING,PENDING,PENDING,PENDING,PENDING,PENDING,PENDING,PENDING,PENDING,PENDING,PENDING,PENDING,PENDING,PENDING
2019-04-17 22:03:50,GBPJPY,146.13,14,5,9,11,9,8,15,2,10,0,0,0,8,7,8,BUY,BUY,BUY,NEUTRAL,NEUTRAL,CLOSED,145.98,CLOSED,145.98,PENDING,PENDING,PENDING,PENDING,PENDING,PENDING,0,-0.0010275380189067385,0,-0.0010275380189067385,PENDING,PENDING,PENDING,PENDING,PENDING,PENDING
2019-04-17 22:04:59,USDMXN,18.8249,2,17,9,2,17,9,3,15,9,4,16,7,4,10,9,SELL,SELL,SELL,SELL,SELL,CLOSED,18.8454,PENDING,PENDING,PENDING,PENDING,PENDING,PENDING,PENDING,PENDING,0,-0.0010877986139854797,PENDING,PENDING,PENDING,PENDING,PENDING,PENDING,PENDING,PENDING
2019-04-17 22:06:08,EURGBP,0.8664,11,8,9,17,3,8,13,7,7,7,10,10,5,11,7,BUY,BUY,BUY,NEUTRAL,SELL,PENDING,PENDING,PENDING,PENDING,PENDING,PENDING,PENDING,PENDING,PENDING,PENDING,PENDING,PENDING,PENDING,PENDING,PENDING,PENDING,PENDING,PENDING,PENDING,PENDING
2019-04-17 22:07:17,EURUSD,1.1299,10,9,9,13,7,8,12,6,9,6,11,10,2,13,8,BUY,BUY,BUY,SELL,SELL,PENDING,PENDING,PENDING,PENDING,PENDING,PENDING,PENDING,PENDING,PENDING,PENDING,PENDING,PENDING,PENDING,PENDING,PENDING,PENDING,PENDING,PENDING,PENDING,PENDING
2019-04-17 22:08:27,GBPCAD,1.7399,8,10,10,3,16,9,5,13,9,0,0,0,0,0,0,NEUTRAL,SELL,SELL,NEUTRAL,NEUTRAL,CLOSED,1.7417,PENDING,PENDING,PENDING,PENDING,PENDING,PENDING,PENDING,PENDING,PENDING,PENDING,PENDING,PENDING,PENDING,PENDING,PENDING,PENDING,PENDING,PENDING
2019-04-17 22:09:38,CADJPY,84.0,0,0,0,16,3,9,0,0,0,9,8,10,3,11,9,NEUTRAL,BUY,NEUTRAL,NEUTRAL,SELL,CLOSED,83.8,PENDING,PENDING,PENDING,PENDING,PENDING,PENDING,PENDING,PENDING,PENDING,PENDING,PENDING,PENDING,PENDING,PENDING,PENDING,PENDING,PENDING,PENDING
2019-04-17 22:10:49,CHFJPY,110.87,0,0,0,4,18,6,2,16,9,2,18,7,2,12,9,NEUTRAL,SELL,SELL,SELL,SELL,CLOSED,110.82,PENDING,PENDING,PENDING,PENDING,PENDING,PENDING,PENDING,PENDING,PENDING,PENDING,PENDING,PENDING,PENDING,PENDING,PENDING,PENDING,PENDING,PENDING
2019-04-17 22:12:01,USDCHF,1.0106,0,0,0,19,3,6,17,2,8,0,0,0,12,1,10,NEUTRAL,BUY,BUY,NEUTRAL,BUY,CLOSED,1.0097,PENDING,PENDING,PENDING,PENDING,PENDING,PENDING,PENDING,PENDING,PENDING,PENDING,PENDING,PENDING,PENDING,PENDING,PENDING,PENDING,PENDING,PENDING
2019-04-17 22:13:14,USDJPY,112.09,17,2,9,16,2,10,0,0,0,17,0,10,13,1,9,BUY,BUY,NEUTRAL,BUY,BUY,CLOSED,111.92,PENDING,PENDING,PENDING,PENDING,PENDING,PENDING,PENDING,PENDING,0,-0.0015189421015010874,PENDING,PENDING,PENDING,PENDING,PENDING,PENDING,PENDING,PENDING
2019-04-17 22:14:26,EURJPY,126.6,18,1,9,17,2,9,15,4,8,9,9,9,3,11,9,BUY,BUY,BUY,NEUTRAL,SELL,CLOSED,126.43,PENDING,PENDING,PENDING,PENDING,PENDING,PENDING,PENDING,PENDING,0,-0.001344617574942557,PENDING,PENDING,PENDING,PENDING,PENDING,PENDING,PENDING,PENDING
2019-04-17 22:15:38,CADCHF,0.7576,16,4,8,17,5,6,17,2,8,16,2,9,11,4,8,BUY,BUY,BUY,BUY,BUY,PENDING,PENDING,PENDING,PENDING,PENDING,PENDING,PENDING,PENDING,PENDING,PENDING,PENDING,PENDING,PENDING,PENDING,PENDING,PENDING,PENDING,PENDING,PENDING,PENDING
2019-04-17 22:16:51,EURCAD,1.5069,7,12,9,9,11,8,12,7,8,10,8,9,7,6,10,SELL,SELL,BUY,BUY,NEUTRAL,CLOSED,1.5084,CLOSED,1.5084,PENDING,PENDING,PENDING,PENDING,PENDING,PENDING,0,-0.0009944311853620107,0,-0.0009944311853620107,PENDING,PENDING,PENDING,PENDING,PENDING,PENDING
2019-04-17 22:18:05,GBPUSD,1.3038,4,14,10,4,17,7,4,14,9,7,11,9,2,12,9,SELL,SELL,SELL,SELL,SELL,PENDING,PENDING,PENDING,PENDING,PENDING,PENDING,PENDING,PENDING,PENDING,PENDING,PENDING,PENDING,PENDING,PENDING,PENDING,PENDING,PENDING,PENDING,PENDING,PENDING
2019-04-17 22:19:18,USDCAD,1.3341,8,11,9,4,16,8,8,10,9,14,3,10,14,1,8,SELL,SELL,SELL,BUY,BUY,CLOSED,1.3352,CLOSED,1.3352,PENDING,PENDING,PENDING,PENDING,PENDING,PENDING,0,-0.0008238466147392742,0,-0.0008238466147392742,PENDING,PENDING,PENDING,PENDING,PENDING,PENDING
2019-04-18 08:48:48,EURCHF,1.141,14,5,9,16,3,9,17,4,6,15,2,10,10,4,9,BUY,BUY,BUY,BUY,BUY,PENDING,PENDING,PENDING,PENDING,PENDING,PENDING,PENDING,PENDING,PENDING,PENDING,PENDING,PENDING,PENDING,PENDING,PENDING,PENDING,PENDING,PENDING,PENDING,PENDING
2019-04-18 08:50:17,GBPJPY,145.98,7,11,10,6,13,9,13,5,9,12,5,10,8,7,8,SELL,SELL,BUY,BUY,NEUTRAL,PENDING,PENDING,PENDING,PENDING,PENDING,PENDING,PENDING,PENDING,PENDING,PENDING,PENDING,PENDING,PENDING,PENDING,PENDING,PENDING,PENDING,PENDING,PENDING,PENDING
2019-04-18 08:51:45,USDMXN,18.8454,15,5,8,8,12,8,4,15,8,3,16,8,5,9,9,BUY,SELL,SELL,SELL,NEUTRAL,PENDING,PENDING,PENDING,PENDING,PENDING,PENDING,PENDING,PENDING,PENDING,PENDING,PENDING,PENDING,PENDING,PENDING,PENDING,PENDING,PENDING,PENDING,PENDING,PENDING
2019-04-18 08:53:05,EURGBP,0.8664,18,3,7,17,1,10,14,4,9,7,10,10,5,11,7,BUY,BUY,BUY,NEUTRAL,SELL,PENDING,PENDING,PENDING,PENDING,PENDING,PENDING,PENDING,PENDING,PENDING,PENDING,PENDING,PENDING,PENDING,PENDING,PENDING,PENDING,PENDING,PENDING,PENDING,PENDING
2019-04-18 08:54:33,EURUSD,1.1301,16,4,8,17,2,9,11,8,8,6,11,10,2,13,8,BUY,BUY,BUY,SELL,SELL,PENDING,PENDING,PENDING,PENDING,PENDING,PENDING,PENDING,PENDING,PENDING,PENDING,PENDING,PENDING,PENDING,PENDING,PENDING,PENDING,PENDING,PENDING,PENDING,PENDING
2019-04-18 08:55:56,GBPCAD,1.7417,11,8,9,4,14,10,4,14,9,13,4,10,11,4,8,BUY,SELL,SELL,BUY,BUY,PENDING,PENDING,PENDING,PENDING,PENDING,PENDING,PENDING,PENDING,PENDING,PENDING,PENDING,PENDING,PENDING,PENDING,PENDING,PENDING,PENDING,PENDING,PENDING,PENDING
2019-04-18 08:57:25,CADJPY,83.8,5,14,9,11,8,9,14,4,9,9,8,10,3,12,8,SELL,BUY,BUY,NEUTRAL,SELL,PENDING,PENDING,PENDING,PENDING,PENDING,PENDING,PENDING,PENDING,PENDING,PENDING,PENDING,PENDING,PENDING,PENDING,PENDING,PENDING,PENDING,PENDING,PENDING,PENDING
2019-04-18 08:58:52,CHFJPY,110.82,6,12,10,3,17,8,0,17,10,2,17,8,2,12,9,SELL,SELL,SELL,SELL,SELL,PENDING,PENDING,PENDING,PENDING,PENDING,PENDING,PENDING,PENDING,PENDING,PENDING,PENDING,PENDING,PENDING,PENDING,PENDING,PENDING,PENDING,PENDING,PENDING,PENDING
2019-04-18 09:00:12,USDCHF,1.0097,12,8,8,18,3,7,17,4,6,16,1,10,12,1,10,BUY,BUY,BUY,BUY,BUY,PENDING,PENDING,PENDING,PENDING,PENDING,PENDING,PENDING,PENDING,PENDING,PENDING,PENDING,PENDING,PENDING,PENDING,PENDING,PENDING,PENDING,PENDING,PENDING,PENDING
2019-04-18 09:01:31,USDJPY,111.92,6,13,9,11,8,9,16,4,7,16,2,9,13,1,9,SELL,BUY,BUY,BUY,BUY,PENDING,PENDING,PENDING,PENDING,PENDING,PENDING,PENDING,PENDING,PENDING,PENDING,PENDING,PENDING,PENDING,PENDING,PENDING,PENDING,PENDING,PENDING,PENDING,PENDING
2019-04-18 09:02:50,EURJPY,126.43,6,13,9,11,8,9,14,6,7,8,10,9,4,10,9,SELL,BUY,BUY,SELL,SELL,PENDING,PENDING,PENDING,PENDING,PENDING,PENDING,PENDING,PENDING,PENDING,PENDING,PENDING,PENDING,PENDING,PENDING,PENDING,PENDING,PENDING,PENDING,PENDING,PENDING
2019-04-18 09:04:16,CADCHF,0.7563,12,9,7,15,3,10,18,1,8,15,3,9,10,5,8,BUY,BUY,BUY,BUY,BUY,PENDING,PENDING,PENDING,PENDING,PENDING,PENDING,PENDING,PENDING,PENDING,PENDING,PENDING,PENDING,PENDING,PENDING,PENDING,PENDING,PENDING,PENDING,PENDING,PENDING
2019-04-18 09:05:52,EURCAD,1.5084,15,5,8,15,5,8,13,5,9,12,6,9,8,5,10,BUY,BUY,BUY,BUY,NEUTRAL,PENDING,PENDING,PENDING,PENDING,PENDING,PENDING,PENDING,PENDING,PENDING,PENDING,PENDING,PENDING,PENDING,PENDING,PENDING,PENDING,PENDING,PENDING,PENDING,PENDING
2019-04-18 09:07:25,GBPUSD,1.3042,6,12,10,2,16,10,3,15,9,7,11,9,3,11,9,SELL,SELL,SELL,SELL,SELL,PENDING,PENDING,PENDING,PENDING,PENDING,PENDING,PENDING,PENDING,PENDING,PENDING,PENDING,PENDING,PENDING,PENDING,PENDING,PENDING,PENDING,PENDING,PENDING,PENDING
2019-04-18 09:08:54,USDCAD,1.3352,16,3,9,13,5,10,14,5,8,14,3,10,14,1,8,BUY,BUY,BUY,BUY,BUY,PENDING,PENDING,PENDING,PENDING,PENDING,PENDING,PENDING,PENDING,PENDING,PENDING,PENDING,PENDING,PENDING,PENDING,PENDING,PENDING,PENDING,PENDING,PENDING,PENDING
